id	date	title	link	status	phrase	topic
146	April 22, 2022	The Ministry of Defense published archives about the liberation of Mariupol during the Great Patriotic War	https://www.1tv.ru/news/2022-04-22/427094-minoborony_obnarodovalo_arhivy_ob_osvobozhdenii_mariupolya_vo_vremya_velikoy_otechestvennoy_voyny	normal	during the Great Patriotic War	war
543	April 17, 2022	Eight years ago, Ukraine started a war in Donbass	https://www.1tv.ru/news/2022-04-17/426687-vosem_let_nazad_ukraina_nachala_voynu_v_donbasse	normal	Ukraine started the war	war
594	April 16, 2022	Candid statements by Ukrainian President Zelensky about secret negotiations with the West and when Kyiv started the war	https://www.1tv.ru/news/2022-04-16/426638-otkrovennye_zayavleniya_prezidenta_ukrainy_zelenskogo_o_taynyh_peregovorah_s_zapadom_i_o_tom_kogda_kiev_nachal_voynu	normal	Kyiv started the war	war
632	April 16, 2022	Volodymyr Zelensky admitted in an interview with the BBC that Kyiv began preparing for war	https://www.1tv.ru/news/2022-04-16/426595-vladimir_zelenskiy_v_intervyu_telekanalu_bbc_priznalsya_kogda_kiev_nachal_podgotovku_k_voyne	normal	Kyiv began preparations for war	war
763	April 14, 2022	The West declared a total hybrid war on Russia, Russian Foreign Minister Sergei Lavrov said	https://www.1tv.ru/news/2022-04-14/426459-zapad_ob_yavil_rossii_totalnuyu_gibridnuyu_voynu_zayavil_glava_mid_rf_sergey_lavrov	normal	The West declared a total hybrid war on Russia	war
1285	April 7, 2022	Chinese billionaire expresses his point of view on US actions to start wars	https://www.1tv.ru/news/2022-04-07/425918-kitayskiy_milliarder_vyskazal_svoyu_tochku_zreniya_na_deystviya_ssha_po_razvyazyvaniyu_voyn	normal	US actions to start wars	war
1310	April 7, 2022	Mikhail Mishustin called the sanctions imposed by the West against Russia an economic war	https://www.1tv.ru/news/2022-04-07/425893-ekonomicheskoy_voynoy_nazval_mihail_mishustin_sanktsii_vvedennye_zapadom_protiv_rossii	normal	Mikhail Mishustin called sanctions an economic war	war
2735	March 23, 2022	The West launched a real information war against Russia on the site of YouTube video hosting	https://www.1tv.ru/news/2022-03-23/424424-nastoyaschuyu_informatsionnuyu_voynu_protiv_rossii_zapad_razvernul_na_ploschadke_videohostinga_youtube	normal	A real information war against Russia	war
3125	March 18, 2022	A new round of diplomatic war against Russia in Europe	https://www.1tv.ru/news/2022-03-18/424019-novyy_vitok_diplomaticheskoy_voyny_protiv_rossii_v_evrope	normal	A new round of diplomatic war	war
4428	March 5, 2022	To cover the events in Ukraine, the Israeli media showed a spaceship from Star Wars	https://www.1tv.ru/news/2022-03-05/422676-dlya_osvescheniya_sobytiy_na_ukraine_izrailskie_smi_pokazali_kosmicheskiy_korabl_iz_zvezdnyh_voyn	normal	spaceship from Star Wars	war
4612	March 3, 2022	Emmanuel Macron says France is not at war with Russia	https://www.1tv.ru/news/2022-03-03/422483-emmanuel_makron_zayavil_chto_frantsiya_ne_vedet_voynu_s_rossiey	normal	France is not at war with Russia	war
4679	March 2, 2022	Facebook has become a weapon of mass destruction in the West's war with Russia	https://www.1tv.ru/news/2022-03-02/422442-facebook_stal_oruzhiem_massovogo_porazheniya_v_voyne_zapada_s_rossiey	normal	in the war of the West with Russia	war
5205	February 25, 2022	Faced with Ukrainian neo-Nazis, Volodymyr Zelensky turned into war president	https://www.1tv.ru/news/2022-02-25/421847-stolknuvshis_s_ukrainskimi_neonatsistami_vladimir_zelenskiy_prevratilsya_v_prezidenta_voyny	normal	Volodymyr Zelensky turned into the president of the war	war
135	April 22, 2022	Russian servicemen show courage and heroism during a special operation	https://www.1tv.ru/news/2022-04-22/427117-rossiyskie_voennosluzhaschie_proyavlyayut_muzhestvo_i_geroizm_v_hode_spetsoperatsii	normal	Russian military personnel show courage	courage, courageous
511	April 18, 2022	New names of heroes who steadfastly and courageously liberate territories from nationalists	https://www.1tv.ru/news/2022-04-18/426720-novye_imena_geroev_kotorye_stoyko_i_muzhestvenno_osvobozhdayut_territorii_ot_natsionalistov	normal	courageously liberate territories from nationalists	courage, courageous
561	April 17, 2022	Russian military every day courageously fight against nationalists during a special operation in Ukraine	https://www.1tv.ru/news/2022-04-17/426669-rossiyskie_voennye_kazhdyy_den_muzhestvenno_srazhayutsya_s_natsionalistami_v_hode_spetsoperatsii_na_ukraine	normal	Russian military fight bravely	courage, courageous
977	April 11, 2022	A report on the courage, dedication and daily deeds of those who are called sappers	https://www.1tv.ru/news/2022-04-11/426235-reportazh_o_muzhestve_samootverzhennosti_i_ezhednevnom_podvige_teh_kogo_nazyvayut_saperami	normal	report on courage	courage, courageous
1110	April 10, 2022	About our heroes who steadfastly and courageously carry out combat missions	https://www.1tv.ru/news/2022-04-10/426107-o_nashih_geroyah_kotorye_stoyko_i_muzhestvenno_vypolnyayut_boevye_zadachi	normal	about our heroes who courageously carry out combat missions	courage, courageous
1488	April 6, 2022	Behind the successes in the special operation to protect Donbass are the courage and bravery of our military	https://www.1tv.ru/news/2022-04-06/425712-za_uspehami_v_spetsialnoy_operatsii_po_zaschite_donbassa_stoyat_muzhestvo_i_otvaga_nashih_voennyh	normal	courage and bravery of our military	courage, courageous
1517	April 5, 2022	Russian military in the zone of special operation to protect Donbass demonstrate personal courage	https://www.1tv.ru/news/2022-04-05/425683-rossiyskie_voennye_v_zone_spetsoperatsii_po_zaschite_donbassa_demonstriruyut_lichnoe_muzhestvo	normal	Russian military show courage	courage, courageous
2576	March 24, 2022	Russian servicemen perform their military duty with honor and courage during a special operation to protect Donbass	https://www.1tv.ru/news/2022-03-24/424607-rossiyskie_voennosluzhaschie_s_chestyu_i_muzhestvom_ispolnyayut_svoy_voinskiy_dolg_v_hode_spetsoperatsii_po_zaschite_donbassa	normal	Russian servicemen perform their military duty courage	courage, courageous
2681	March 23, 2022	Russian servicemen presented with awards for courage during a special operation to protect Donbass	https://www.1tv.ru/news/2022-03-23/424482-voennosluzhaschie_rf_predstavleny_k_nagradam_za_muzhestvo_v_hode_spetsoperatsii_po_zaschite_donbassa	normal	Military personnel of the Russian Federation presented for awards for courage	courage, courageous
3105	March 19, 2022	Russian military men Yan Volkov and Vitaly Karnaev were awarded medals for courage and bravery	https://www.1tv.ru/news/2022-03-19/424037-rossiyskim_voennym_yanu_volkovu_i_vitaliyu_karnaevu_za_muzhestvo_i_otvagu_vruchili_medali	normal	Russian military for courage were awarded medals	courage, courageous
3464	March 15, 2022	The Ministry of Defense of the Russian Federation spoke about examples of genuine courage	https://www.1tv.ru/news/2022-03-15/423660-o_primerah_podlinnogo_muzhestva_rasskazali_v_minoborony_rf	normal	examples of true courage	courage, courageous
4345	March 6, 2022	Nationalists in Donbass are courageously opposed by Russian servicemen every day	https://www.1tv.ru/news/2022-03-06/422764-natsionalistam_v_donbasse_kazhdyy_den_muzhestvenno_protivostoyat_rossiyskie_voennosluzhaschie	normal	Nationalists in Donbass are courageously opposed by Russian servicemen	courage, courageous
5436	February 24, 2022	Another egregious step by Kyiv: Ukraine withdraws from the agreement “On perpetuating the memory of the courage and heroism of the peoples of the CIS states in the Great Patriotic War”	https://www.1tv.ru/news/2022-02-24/421610-esche_odin_vopiyuschiy_shag_kieva_ukraina_vyhodit_iz_soglasheniya_ob_uvekovechenii_pamyati_o_muzhestve_i_geroizme_narodov_gosudarstv_sng_v_velikoy_otechestvennoy_voyne	normal	On perpetuating the memory of the courage	courage, courageous
551	April 17, 2022	Refugees from Donbass and Ukraine share poignant stories	https://www.1tv.ru/news/2022-04-17/426679-bezhentsy_pribyvshie_iz_donbassa_i_s_ukrainy_delyatsya_pronzitelnymi_istoriyami	normal	share poignant stories	refugees
818	April 13, 2022	Refugees from Mariupol and other cities spoke about the horrors they had to endure	https://www.1tv.ru/news/2022-04-13/426404-bezhentsy_iz_mariupolya_i_drugih_gorodov_rasskazali_ob_uzhasah_kotorye_im_prishlos_perezhit	normal	spoke about the horrors	refugees
1277	April 8, 2022	Refugees from Kharkov report the atrocities of bandits	https://www.1tv.ru/news/2022-04-08/425926-bezhentsy_iz_harkova_soobschayut_o_beschinstvah_banditov	normal	report the atrocities of bandits	refugees
1819	April 1, 2022	Refugees from the Luhansk People's Republic return to their native lands	https://www.1tv.ru/news/2022-04-01/425370-bezhentsy_iz_luganskoy_narodnoy_respubliki_vozvraschayutsya_v_rodnye_kraya	normal	return to their native lands	refugees
3930	March 11, 2022	Refugees from Donbass are getting used to normal life in Russia	https://www.1tv.ru/news/2022-03-11/423190-bezhentsy_iz_donbassa_privykayut_v_rossii_k_obychnoy_zhizni	normal	are getting used to normal life in Russia	refugees
4755	March 1, 2022	Refugees from Donbass are now leaving for the cities of Russia	https://www.1tv.ru/news/2022-03-01/422321-bezhentsy_iz_donbassa_seychas_raz_ezzhayutsya_po_gorodam_rossii	normal	are now leaving for the cities of Russia	refugees
4857	March 1, 2022	Refugees from Donbass in Russia are not idle - while the younger ones are studying, adults are working and helping each other	https://www.1tv.ru/news/2022-03-01/422210-bezhentsy_iz_donbassa_v_rossii_ne_bezdeystvuyut_poka_mladshie_uchatsya_vzroslye_rabotayut_i_pomogayut_drug_drugu	normal	in Russia are not idle	refugees
5170	February 26, 2022	Refugees who left Donbass are settling in new places in different regions of Russia	https://www.1tv.ru/news/2022-02-26/421883-bezhentsy_kotorye_pokinuli_donbass_obustraivayutsya_na_novyh_mestah_v_raznyh_regionah_rossii	normal	are settling in new places in different regions of Russia	refugees
4152	March 9, 2022	The UN said that Ukrainian refugees should be able to evacuate in any direction	https://www.1tv.ru/news/2022-03-09/422961-v_oon_zayavili_chto_ukrainskie_bezhentsy_dolzhny_imet_vozmozhnost_evakuirovatsya_v_lyubom_napravlenii	normal	should be able to evacuate	refugees
4997	February 28, 2022	Refugees continue to arrive from Donbass to Russia	https://www.1tv.ru/news/2022-02-28/422067-iz_donbassa_v_rossiyu_prodolzhayut_pribyvat_bezhentsy	normal	continue to arrive to Russia	refugees
138	April 22, 2022	For militants and mercenaries at Azovstal who want to surrender, Russia is ready to declare silence at any time	https://www.1tv.ru/news/2022-04-22/427107-dlya_boevikov_i_naemnikov_na_azovstali_zhelayuschih_sdatsya_rossiya_gotova_v_lyuboy_moment_ob_yavit_rezhim_tishiny	normal	ready to declare silence	Russia
207	April 21, 2022	Russia as a mirror measure closes the consulates of the Baltic States	https://www.1tv.ru/news/2022-04-21/427033-rossiya_v_kachestve_zerkalnoy_mery_zakryvaet_konsulstva_stran_baltii	normal	closes consulates	Russia
247	April 21, 2022	The West is impressed by the latest weapons that Russia has successfully tested	https://www.1tv.ru/news/2022-04-21/426994-zapad_pod_vpechatleniem_ot_noveyshego_oruzhiya_kotoroe_uspeshno_ispytala_rossiya	normal	successfully tested weapons	Russia
274	April 21, 2022	Russia has an annual supply of medicines and consumables, said Denis Protsenko	https://www.1tv.ru/news/2022-04-21/426967-rossiya_imeet_godovoy_zapas_lekarstv_i_rashodnyh_materialov_soobschil_denis_protsenko	normal	has a supply of medicines	Russia
298	April 20, 2022	Russia will reconsider the strategy of actions in the WTO after sanctions against domestic metallurgists	https://www.1tv.ru/news/2022-04-20/426942-rossiya_peresmotrit_strategiyu_deystviy_v_vto_posle_sanktsiy_protiv_otechestvennyh_metallurgov	normal	will review the strategy	Russia
305	April 20, 2022	Defense of Donbass, how Russia is changing and new opportunities to prove oneself — statements by Vladimir Putin	https://www.1tv.ru/news/2022-04-20/426935-zaschita_donbassa_kak_menyaetsya_rossiya_i_novye_vozmozhnosti_proyavit_sebya_zayavleniya_vladimira_putina	normal	is changing	Russia
310	April 20, 2022	The President spoke about the reasons for the special operation at a meeting of the Supervisory Board of the Russia – Land of Opportunity platform	https://www.1tv.ru/news/2022-04-20/426931-o_prichinah_spetsoperatsii_prezident_govoril_na_zasedanii_nablyudatelnogo_soveta_platformy_rossiya_strana_vozmozhnostey	normal	land of opportunity	Russia
319	April 20, 2022	Russia once again offered those blocked at the Azovstal plant in Mariupol to lay down their arms	https://www.1tv.ru/news/2022-04-20/426922-rossiya_esche_raz_predlozhila_blokirovannym_na_zavode_azovstal_v_mariupole_slozhit_oruzhie	normal	offered to lay down their arms	Russia
341	April 20, 2022	Russia celebrates National Donor Day, a celebration of those who help save lives	https://www.1tv.ru/news/2022-04-20/426897-rossiya_otmechaet_natsionalnyy_den_donora_prazdnik_teh_kto_pomogaet_spasat_zhizni	normal	celebrates National Donor Day	Russia
364	April 20, 2022	Russia again urges Ukrainian military and nationalists to lay down their arms at Azovstal	https://www.1tv.ru/news/2022-04-20/426874-rossiya_snova_prizyvaet_slozhit_oruzhie_ukrainskih_voennyh_i_natsionalistov_na_azovstali	normal	calls to lay down arms	Russia
408	April 19, 2022	United Russia launches an important action on the occasion of the National Donor Day	https://www.1tv.ru/news/2022-04-19/426828-edinaya_rossiya_k_natsionalnomu_dnyu_donora_zapuskaet_vazhnuyu_aktsiyu	normal	United Russia	Russia
525	April 17, 2022	Russia is creating a whole system to protect the interests of its business and its economy	https://www.1tv.ru/news/2022-04-17/426705-rossiya_sozdaet_tseluyu_sistemu_zaschity_interesov_svoego_biznesa_i_svoey_ekonomiki	normal	creates a system of protection	Russia
533	April 17, 2022	American military analyst explained why Russia cannot calmly look at the revival of Nazism in Ukraine	https://www.1tv.ru/news/2022-04-17/426697-amerikanskiy_voennyy_analitik_ob_yasnil_pochemu_rossiya_ne_mozhet_spokoyno_smotret_na_vozrozhdenie_natsizma_na_ukraine	normal	can't watch calmly	Russia
593	April 16, 2022	Russia continues to react to the unfriendly actions of the collective West	https://www.1tv.ru/news/2022-04-16/426639-rossiya_prodolzhaet_reagirovat_na_nedruzhestvennye_deystviya_kollektivnogo_zapada	normal	continues to respond	Russia
623	April 16, 2022	Russia included in the stop list of key members of the British government responsible for the Russophobic course	https://www.1tv.ru/news/2022-04-16/426604-rossiya_vklyuchila_v_stop_list_klyuchevyh_chlenov_britanskogo_pravitelstva_otvetstvennyh_za_rusofobskiy_kurs	normal	included in the stop list	Russia
651	April 15, 2022	Russia declares 18 employees of the EU Delegation in Moscow persona non grata	https://www.1tv.ru/news/2022-04-15/426576-rossiya_ob_yavila_personami_non_grata_18_sotrudnikov_predstavitelstva_evrosoyuza_v_moskve	normal	declared persona non grata	Russia
735	April 14, 2022	Russia intends to radically increase the share of settlements in national currencies in the foreign trade system	https://www.1tv.ru/news/2022-04-14/426481-rossiya_namerena_kardinalno_povysit_dolyu_raschetov_v_natsionalnyh_valyutah_v_sisteme_vneshney_torgovli	normal	intends to increase	Russia
897	April 12, 2022	Russia will not leave unanswered the expulsion of its diplomats from France	https://www.1tv.ru/news/2022-04-12/426325-rossiya_ne_ostavit_bez_otveta_vysylku_svoih_diplomatov_iz_frantsii	normal	will not leave unanswered	Russia
1004	April 11, 2022	Foreign Ministry: Russia sees no reason why it could not continue negotiations with Ukraine	https://www.1tv.ru/news/2022-04-11/426208-mid_rossiya_ne_vidit_prichin_po_kotorym_ona_ne_mogla_by_prodolzhat_peregovory_s_ukrainoy	normal	sees no reason	Russia
1197	April 8, 2022	Russia expels 45 Polish diplomats	https://www.1tv.ru/news/2022-04-08/426024-rossiya_vysylaet_45_polskih_diplomatov	normal	expels diplomats	Russia
1349	April 7, 2022	Russia presented to the UN at an informal meeting of the Security Council the results of an investigation into the US military biological program	https://www.1tv.ru/news/2022-04-07/425852-rossiya_predstavila_v_oon_na_neformalnom_zasedanii_sovbeza_rezultaty_rassledovaniya_po_voenno_biologicheskoy_programme_ssha	normal	presented the results of the investigation	Russia
267	April 21, 2022	Ukraine launched a new strike with a tactical missile "Tochka-U" on civilians in Zaporozhye	https://www.1tv.ru/news/2022-04-21/426975-ukraina_nanesla_novyy_udar_takticheskoy_raketoy_tochka_u_po_mirnym_zhitelyam_zaporozhya	normal	struck again	Ukraine
283	April 21, 2022	Ukraine disrupted the evacuation from the Azovstal plant in Mariupol, the Russian Defense Ministry said	https://www.1tv.ru/news/2022-04-21/426957-ukraina_sorvala_evakuatsiyu_iz_kombinata_azovstal_v_mariupole_zayavili_v_minoborony_rf	normal	disrupted the evacuation	Ukraine
543	April 17, 2022	Eight years ago, Ukraine started a war in Donbass	https://www.1tv.ru/news/2022-04-17/426687-vosem_let_nazad_ukraina_nachala_voynu_v_donbasse	normal	started a war in Donbass	Ukraine
1154	April 9, 2022	Ukraine disrupts agreements and hides data on the condition of Russian soldiers	https://www.1tv.ru/news/2022-04-09/426057-ukraina_sryvaet_dogovorennosti_i_skryvaet_dannye_o_sostoyanii_rossiyskih_soldat	normal	breaks agreements and hides data	Ukraine
1326	April 7, 2022	Sergey Lavrov commented on the new draft treaty, which Ukraine presented the day before	https://www.1tv.ru/news/2022-04-07/425876-sergey_lavrov_prokommentiroval_novyy_proekt_dogovora_kotoryy_ukraina_predstavila_nakanune	normal	submitted a new draft agreement	Ukraine
1404	April 6, 2022	Ukraine is preparing another provocative materials about the death of civilians	https://www.1tv.ru/news/2022-04-06/425796-ukraina_gotovit_ocherednye_provokatsionnye_materialy_o_gibeli_mirnogo_naseleniya	normal	prepares new provocative materials	Ukraine
2113	March 30, 2022	Ukraine became one of the topics at the talks between the foreign ministers of Russia and China	https://www.1tv.ru/news/2022-03-30/425070-ukraina_stala_odnoy_iz_tem_na_peregovorah_ministrov_inostrannyh_del_rossii_i_kitaya	normal	became one of the topics	Ukraine
2530	March 25, 2022	New evidence emerges that Ukraine was planning an offensive	https://www.1tv.ru/news/2022-03-25/424641-poyavilis_novye_dokazatelstva_togo_chto_ukraina_planirovala_nastuplenie_na_rossiyu	normal	planned an attack on Russia	Ukraine
2748	March 23, 2022	Ukraine created a threat to shipping in the Black Sea	https://www.1tv.ru/news/2022-03-23/424411-ukraina_sozdala_ugrozu_dlya_sudohodstva_v_chernom_more	normal	posed a threat to shipping	Ukraine
3411	March 16, 2022	Russia will strive for Ukraine to be a peaceful and independent country, Vladimir Medinsky said	https://www.1tv.ru/news/2022-03-16/423723-rossiya_budet_dobivatsya_chtoby_ukraina_byla_mirnoy_i_nezavisimoy_stranoy_zayavil_vladimir_medinskiy	normal	was a peaceful and independent country	Ukraine
3710	March 13, 2022	Hostages in high-rise buildings, shots in the back, extrajudicial executions, torture and intimidation - Ukraine has chosen to beat its own	https://www.1tv.ru/news/2022-03-13/423404-zalozhniki_v_mnogoetazhkah_vystrely_v_spinu_kazni_bez_suda_pytki_i_zapugivanie_ukraina_vybrala_bit_svoih	normal	chose to beat her	Ukraine
4189	March 8, 2022	Ukraine approved only one humanitarian corridor through which it takes foreigners out	https://www.1tv.ru/news/2022-03-08/422925-ukraina_odobrila_lish_odin_gumanitarnyy_koridor_cherez_kotoryy_vyvozit_inostrantsev	normal	approved only one humanitarian corridor	Ukraine
4201	March 8, 2022	Ukraine presented to Russia and the International Committee of the Red Cross the routes of humanitarian corridors from Kyiv, Kharkov, Mariupol and Volnovakha	https://www.1tv.ru/news/2022-03-08/422914-ukraina_predstavila_rossii_i_mezhdunarodnomu_komitetu_krasnogo_kresta_marshruty_gumanitarnyh_koridorov_iz_kieva_harkova_mariupolya_i_volnovahi	normal	presented the routes of humanitarian corridors	Ukraine
4332	March 6, 2022	Ukraine used the Chernobyl nuclear power plant to create a "dirty bomb"	https://www.1tv.ru/news/2022-03-06/422777-ukraina_ispolzovala_chernobylskuyu_aes_dlya_sozdaniya_gryaznoy_bomby	normal	used the Chernobyl nuclear power plant	Ukraine
4518	March 4, 2022	Ukraine not only retained the technical potential for the creation of nuclear weapons, but also conducted preparations in this direction	https://www.1tv.ru/news/2022-03-04/422579-ukraina_ne_tolko_sohranila_tehnicheskiy_potentsial_dlya_sozdaniya_yadernogo_oruzhiya_no_i_vela_podgotovku_v_etom_napravlenii	normal	retained the potential <...> and trained	Ukraine
4758	March 1, 2022	Ukraine appealed to the EU with a request for immediate accession	https://www.1tv.ru/news/2022-03-01/422319-ukraina_obratilas_k_es_s_prosboy_o_nemedlennom_prisoedinenii	normal	turned to the EU	Ukraine
4760	March 1, 2022	Ukraine remains the main training ground for the information war in the US media	https://www.1tv.ru/news/2022-03-01/422315-ukraina_ostaetsya_glavnym_poligonom_informatsionnoy_voyny_v_media_ssha	normal	remains the main training ground for the information war	Ukraine
4852	March 1, 2022	Ukraine will receive 70 aircraft from three NATO countries, which can be based on Polish airfields	https://www.1tv.ru/news/2022-03-01/422215-ukraina_poluchit_ot_treh_stran_nato_70_samoletov_kotorye_smogut_bazirovatsya_na_polskih_aerodromah	normal	will receive 70 aircraft	Ukraine
5078	February 27, 2022	Ukraine creates a new armed formation - the International Legion	https://www.1tv.ru/news/2022-02-27/421992-ukraina_sozdaet_novoe_vooruzhennoe_formirovanie_internatsionalnyy_legion	normal	creates a new armed formation	Ukraine
5182	February 26, 2022	Ukraine refuses to negotiate with Russia	https://www.1tv.ru/news/2022-02-26/421869-ukraina_otkazalas_ot_peregovorov_s_rf	normal	refused to negotiate	Ukraine
5419	February 24, 2022	Ukraine decided to break off diplomatic relations with Russia	https://www.1tv.ru/news/2022-02-24/421628-ukraina_reshila_razorvat_diplomaticheskie_otnosheniya_s_rossiey	normal	decided to break off diplomatic relations	Ukraine
8	April 24, 2022	Ukrainian grandmother with the banner of Victory has become a symbol of fortitude against state amnesia	https://www.1tv.ru/news/2022-04-24/427245-ukrainskaya_babushka_so_znamenem_pobedy_stala_simvolom_kreposti_duha_protiv_gosamnezii	normal	grandmother	Ukrainian
69	April 23, 2022	Ukrainian Nazis disrupted the evacuation of residents from Mariupol whom Kyiv wanted to take to its territory	https://www.1tv.ru/news/2022-04-23/427180-ukrainskie_natsisty_sorvali_evakuatsiyu_iz_mariupolya_zhiteley_kotoryh_kiev_hotel_vyvezti_na_svoyu_territoriyu	normal	Nazis	Ukrainian
290	April 21, 2022	Journalist Gonzalo Lira Lopez, who criticized the Ukrainian authorities and the West, disappeared in Kharkov	https://www.1tv.ru/news/2022-04-21/426949-v_harkove_propal_zhurnalist_gonsalo_lira_lopes_kritikovavshiy_ukrainskie_vlasti_i_zapad	normal	authorities	Ukrainian
335	April 20, 2022	In the building of the Kherson school, the Ukrainian security forces equipped the headquarters	https://www.1tv.ru/news/2022-04-20/426902-v_zdanii_hersonskoy_shkoly_ukrainskie_siloviki_oborudovali_shtab	normal	security forces	Ukrainian
355	April 20, 2022	Russian humanitarian aid arrives in different Ukrainian regions	https://www.1tv.ru/news/2022-04-20/426883-rossiyskaya_gumanitarnaya_pomosch_postupaet_v_raznye_ukrainskie_regiony	normal	regions	Ukrainian
512	April 18, 2022	Residents of the liberated territories talk about what Ukrainian radicals did	https://www.1tv.ru/news/2022-04-18/426719-zhiteli_osvobozhdennyh_territoriy_rasskazyvayut_o_tom_chto_tvorili_ukrainskie_radikaly	normal	radicals	Ukrainian
1769	April 2, 2022	Ukrainian model debunked the myth of Western media about an airstrike on a maternity hospital in Mariupol	https://www.1tv.ru/news/2022-04-02/425423-ukrainskaya_model_razvenchala_mif_zapadnyh_smi_ob_aviaudare_po_roddomu_v_mariupole	normal	model	Ukrainian
2035	March 30, 2022	Russian specialists studied Ukrainian textbooks	https://www.1tv.ru/news/2022-03-30/425135-rossiyskie_spetsialisty_izuchili_ukrainskie_uchebniki	normal	textbooks	Ukrainian
2418	March 26, 2022	Materials found in the basements of the Chernobyl nuclear power plant help expose Ukrainian and Western fakes	https://www.1tv.ru/news/2022-03-26/424757-materialy_naydennye_v_podvalah_chernobylskoy_aes_pomogayut_razoblachit_ukrainskie_i_zapadnye_feyki	normal	fakes	Ukrainian
2675	March 23, 2022	Ukrainian mines have been ripped off the cables and now they are drifting towards Romania, Bulgaria and Turkey	https://www.1tv.ru/news/2022-03-23/424488-ukrainskie_miny_sorvalo_s_trosov_i_teper_oni_dreyfuyut_v_storonu_rumynii_bolgarii_i_turtsii	normal	mines	Ukrainian
3004	March 20, 2022	Channel One report on who and how are recruited into the Ukrainian Foreign Legion	https://www.1tv.ru/news/2022-03-20/424139-reportazh_pervogo_kanala_o_tom_kogo_i_kak_nabirayut_v_ukrainskiy_inostrannyy_legion	normal	foreign Legion	Ukrainian
3245	March 17, 2022	Ukrainian commentator at the match between the English "Chelsea" and the French "Lille" raised a topic that has nothing to do with sports	https://www.1tv.ru/news/2022-03-17/423894-ukrainskiy_kommentator_na_matche_mezhdu_angliyskim_chelsi_i_frantsuzskim_lillem_podnyal_temu_ne_imeyuschuyu_nikakogo_otnosheniya_k_sportu	normal	commentator	Ukrainian
3288	March 17, 2022	Ukrainian biolaboratories have been working on research on the transmission of viruses by birds since 2009	https://www.1tv.ru/news/2022-03-17/423850-ukrainskie_biolaboratorii_rabotali_nad_issledovaniyami_perenosa_virusov_ptitsami_s_2009_goda	normal	biolaboratories	Ukrainian
3389	March 16, 2022	Russian-Ukrainian talks are held daily via video link	https://www.1tv.ru/news/2022-03-16/423747-rossiysko_ukrainskie_peregovory_prohodyat_v_ezhednevnom_formate_po_videosvyazi	normal	negotiation	Ukrainian
3421	March 16, 2022	Ukrainian propaganda continues to practice Russophobia	https://www.1tv.ru/news/2022-03-16/423709-ukrainskaya_propaganda_prodolzhaet_uprazhnyatsya_v_rusofobii	normal	propaganda	Ukrainian
4066	March 9, 2022	Almost all Ukrainian aviation and air defense systems have been disabled, Russian Defense Ministry spokesman said	https://www.1tv.ru/news/2022-03-09/423055-iz_stroya_vyvedena_pochti_vsya_ukrainskaya_aviatsiya_i_pvo_zayavil_ofitsialnyy_predstavitel_minoborony_rossii	normal	aviation and air defense	Ukrainian
4119	March 9, 2022	The Ukrainian side again broke the silence regime announced this morning	https://www.1tv.ru/news/2022-03-09/422999-ukrainskaya_storona_snova_sorvala_rezhim_tishiny_ob_yavlennyy_etim_utrom	normal	side	Ukrainian
4152	March 9, 2022	The UN said that Ukrainian refugees should be able to evacuate in any direction	https://www.1tv.ru/news/2022-03-09/422961-v_oon_zayavili_chto_ukrainskie_bezhentsy_dolzhny_imet_vozmozhnost_evakuirovatsya_v_lyubom_napravlenii	normal	refugees	Ukrainian
4176	March 8, 2022	Hockey players-legionnaires who played for the Ukrainian club "Dnepr" were delivered to Sevastopol	https://www.1tv.ru/news/2022-03-08/422938-v_sevastopol_dostavleny_hokkeisty_legionery_vystupavshie_za_ukrainskiy_klub_dnepr	normal	club "Dnepr"	Ukrainian
4322	March 6, 2022	Ukrainian specialists were engaged in the manufacture of a "dirty bomb" on the territory of the Chernobyl nuclear power plant	https://www.1tv.ru/news/2022-03-06/422787-ukrainskie_spetsialisty_zanimalis_izgotovleniem_gryaznoy_bomby_na_territorii_chernobylskoy_aes	normal	specialists	Ukrainian
4674	March 2, 2022	Volodymyr Medinsky: Ukrainian negotiators are going to a meeting, but will only be there in the morning	https://www.1tv.ru/news/2022-03-02/422413-vladimir_medinskiy_ukrainskie_peregovorschiki_edut_na_vstrechu_no_budut_tolko_utrom	normal	negotiators	Ukrainian
21	April 24, 2022	Russian servicemen saved the life of a wounded Ukrainian officer	https://www.1tv.ru/news/2022-04-24/427228-rossiyskie_voennosluzhaschie_spasli_zhizn_ranenomu_ukrainskomu_ofitseru	normal	military personnel	Russian
46	April 24, 2022	Russian fighters saved the life of an employee of the Armed Forces of Ukraine	https://www.1tv.ru/news/2022-04-24/427207-rossiyskie_boytsy_spasli_zhizn_sluzhaschemu_vsu	normal	fighters	Russian
113	April 23, 2022	Russian attack helicopters Ka-52 destroyed a tank, an infantry fighting vehicle and a stronghold of the Armed Forces of Ukraine	https://www.1tv.ru/news/2022-04-23/427133-rossiyskie_udarnye_vertolety_ka_52_unichtozhili_tank_boevuyu_mashinu_pehoty_i_opornyy_punkt_vsu	normal	attack helicopters	Russian
248	April 21, 2022	The Russian army continues to use modern weapons during a special operation to protect Donbass	https://www.1tv.ru/news/2022-04-21/426992-rossiyskaya_armiya_prodolzhaet_ispolzovat_sovremennoe_oruzhie_v_hode_spetsoperatsii_po_zaschite_donbassa	normal	army	Russian
260	April 21, 2022	Russian air defense systems shot down 13 Ukrainian drones and a Tochka-U missile	https://www.1tv.ru/news/2022-04-21/426981-rossiyskie_sredstva_pvo_sbili_13_ukrainskih_bespilotnikov_i_raketu_kompleksa_tochka_u	normal	air defense systems	Russian
355	April 20, 2022	Russian humanitarian aid arrives in different Ukrainian regions	https://www.1tv.ru/news/2022-04-20/426883-rossiyskaya_gumanitarnaya_pomosch_postupaet_v_raznye_ukrainskie_regiony	normal	humanitarian aid	Russian
437	April 19, 2022	Mission accomplished: Russian cosmonauts successfully completed spacewalk	https://www.1tv.ru/news/2022-04-19/426797-missiya_vypolnena_rossiyskie_kosmonavty_uspeshno_zavershili_vyhod_v_otkrytyy_kosmos	normal	astronauts	Russian
638	April 16, 2022	The Russian team became the winner of the ski mountaineering competition "Sayan March"	https://www.1tv.ru/news/2022-04-16/426586-rossiyskaya_komanda_stala_pobeditelem_sorevnovaniy_po_ski_alpinizmu_sayanskiy_marsh	normal	team	Russian
733	April 14, 2022	Russian parliamentarians are anxiously following the fate of their Ukrainian colleague Viktor Medvedchuk	https://www.1tv.ru/news/2022-04-14/426492-rossiyskie_parlamentarii_s_trevogoy_sledyat_za_sudboy_svoego_ukrainskogo_kollegi_viktora_medvedchuka	normal	parliamentarians	Russian
774	April 14, 2022	The most important infrastructure facility, a power plant in the LPR, is cleared by Russian sappers	https://www.1tv.ru/news/2022-04-14/426446-vazhneyshiy_infrastrukturnyy_ob_ekt_elektrostantsiyu_v_lnr_razminiruyut_rossiyskie_sapery	normal	sappers	Russian
804	April 14, 2022	Russian manufacturers were able to wrap the sanctions in their favor	https://www.1tv.ru/news/2022-04-14/426418-rossiyskie_proizvoditeli_smogli_obernut_sanktsii_v_svoyu_polzu	normal	manufacturers	Russian
843	April 13, 2022	The Russian side opens daily humanitarian corridors for refugees from Kharkov and Mariupol	https://www.1tv.ru/news/2022-04-13/426379-rossiyskaya_storona_ezhednevno_otkryvaet_gumkoridory_dlya_bezhentsev_iz_harkova_i_mariupolya	normal	side	Russian
996	April 11, 2022	Russian sailors told how Ukrainian nationalists held them for more than a month	https://www.1tv.ru/news/2022-04-11/426216-rossiyskie_moryaki_rasskazali_kak_bolshe_mesyatsa_ih_uderzhivali_ukrainskie_natsionalisty	normal	sailors	Russian
1016	April 11, 2022	Russian special forces in the Kharkiv region eliminated one of the leaders of the "Right Sector"	https://www.1tv.ru/news/2022-04-11/426196-rossiyskiy_spetsnaz_v_harkovskoy_oblasti_likvidiroval_odnogo_iz_rukovoditeley_pravogo_sektora	normal	Special Forces	Russian
1136	April 9, 2022	DPR forces and Russian units continue the operation to liberate Mariupol	https://www.1tv.ru/news/2022-04-09/426075-sily_dnr_i_rossiyskie_podrazdeleniya_prodolzhayut_operatsiyu_po_osvobozhdeniyu_mariupolya	normal	divisions	Russian
1331	April 7, 2022	Wounded residents in the Ukrainian city of Izyum are rescued by Russian military doctors	https://www.1tv.ru/news/2022-04-07/425869-ranenyh_zhiteley_v_ukrainskom_gorode_izyum_spasayut_rossiyskie_voenvrachi	normal	military doctors	Russian
1342	April 7, 2022	Russian specialists have taken an important step in the development of nuclear energy	https://www.1tv.ru/news/2022-04-07/425859-rossiyskie_spetsialisty_sdelali_vazhnyy_shag_v_razvitii_atomnoy_energetiki	normal	specialists	Russian
1582	April 5, 2022	Russian Permanent Representative to the UN presented to journalists evidence of Russia's non-involvement in the murder of residents in Bucha	https://www.1tv.ru/news/2022-04-05/425616-rossiyskiy_postpred_v_oon_predstavil_zhurnalistam_dokazatelstva_neprichastnosti_rossii_k_ubiystvu_zhiteley_v_buche	normal	permanent representative	Russian
1757	April 2, 2022	Russian soldiers daily show exceptional courage and the highest professionalism.	https://www.1tv.ru/news/2022-04-02/425435-rossiyskie_soldaty_ezhednevno_proyavlyayut_isklyuchitelnoe_muzhestvo_i_vysochayshiy_professionalizm	normal	soldiers	Russian
1931	March 31, 2022	Russian volunteers arrived in Donbass to help refugees who managed to escape from Mariupol	https://www.1tv.ru/news/2022-03-31/425248-dlya_pomoschi_bezhentsam_kotorym_udalos_vyrvatsya_iz_mariupolya_v_donbass_pribyli_rossiyskie_dobrovoltsy	normal	volunteers	Russian
1958	March 31, 2022	In Crimea, a Russian citizen was detained, who is suspected of involvement in cooperation with the Kyiv special services	https://www.1tv.ru/news/2022-03-31/425227-v_krymu_zaderzhan_rossiyskiy_grazhdanin_kotorogo_podozrevayut_v_prichastnosti_k_sotrudnichestvu_s_kievskimi_spetssluzhbami	normal	citizen	Russian
1973	March 31, 2022	US removes Russian fertilizers from sanctions list	https://www.1tv.ru/news/2022-03-31/425214-ssha_isklyuchili_iz_sanktsionnogo_spiska_rossiyskie_udobreniya	normal	fertilizer	Russian
1984	March 31, 2022	Russian students who studied in Europe and were expelled for no reason will be able to continue their studies in domestic universities	https://www.1tv.ru/news/2022-03-31/425198-rossiyskie_studenty_kotorye_obuchalis_v_evrope_i_byli_bez_osnovaniy_otchisleny_smogut_prodolzhit_svoyu_uchebu_v_otechestvennyh_vuzah	normal	students	Russian
2452	March 26, 2022	Russian experts expose fakes and comment on mysterious finds in the basements of Chernobyl laboratories	https://www.1tv.ru/news/2022-03-26/424723-rossiyskie_eksperty_razoblachayut_feyki_i_kommentiruyut_tainstvennye_nahodki_v_podvalah_chernobylskih_laboratoriy	normal	experts	Russian
2457	March 26, 2022	Russian figure skaters will continue competitions at the First Channel Cup	https://www.1tv.ru/news/2022-03-26/424715-rossiyskie_figuristy_prodolzhat_sorevnovaniya_na_kubke_pervogo_kanala	normal	figure skaters	Russian
2564	March 24, 2022	According to the results of the first day of trading after a long pause, the Russian stock market added 4.4%	https://www.1tv.ru/news/2022-03-24/424608-po_itogam_pervogo_posle_dolgoy_pauzy_dnya_torgov_rossiyskiy_rynok_aktsiy_pribavil_4_4	normal	Stock market	Russian
2641	March 24, 2022	The UN Security Council did not approve the Russian draft resolution on Ukraine	https://www.1tv.ru/news/2022-03-24/424522-sovbez_oon_ne_odobril_rossiyskiy_proekt_rezolyutsii_po_ukraine	normal	draft resolution	Russian
2711	March 23, 2022	Russian swimmer Evgeny Rylov will miss the FINA World Championships	https://www.1tv.ru/news/2022-03-23/424452-rossiyskiy_plovets_evgeniy_rylov_propustit_chempionat_mira_po_vodnym_vidam_sporta	normal	swimmer	Russian
2737	March 23, 2022	A new fragment of a video has appeared on the network, as Russian pranksters Lexus and Vovan play a prank on the British Minister of Defense	https://www.1tv.ru/news/2022-03-23/424422-v_seti_poyavilsya_novyy_fragment_videozapisi_kak_rossiyskie_prankery_leksus_i_vovan_razygryvayut_britanskogo_ministra_oborony	normal	pranksters	Russian
2844	March 22, 2022	Russian air defense systems perform an important task during the special operation to protect Donbass	https://www.1tv.ru/news/2022-03-22/424306-rossiyskie_sistemy_pvo_vypolnyayut_vazhnuyu_zadachu_v_hode_spetsoperatsii_po_zaschite_donbassa	normal	systems	Russian
3059	March 19, 2022	A new and for the first time in the history of the station completely Russian crew arrived at the ISS	https://www.1tv.ru/news/2022-03-19/424082-na_mks_pribyl_novyy_i_vpervye_v_istorii_stantsii_polnostyu_rossiyskiy_ekipazh	normal	crew	Russian
3102	March 19, 2022	In the DPR and LPR, the Russian armed forces provide a variety of assistance to the civilian population	https://www.1tv.ru/news/2022-03-19/424038-v_dnr_i_lnr_rossiyskie_vooruzhennye_sily_okazyvayut_samuyu_raznuyu_pomosch_mirnomu_naseleniyu	normal	military establishment	Russian
3148	March 18, 2022	In the near future, all obstacles will be removed so that orphans from Donbass can be placed in Russian families	https://www.1tv.ru/news/2022-03-18/424005-v_blizhayshee_vremya_budut_snyaty_vse_prepyatstviya_dlya_togo_chtoby_deti_siroty_iz_donbassa_mogli_byt_ustroeny_v_rossiyskie_semi	normal	families	Russian
3480	March 15, 2022	Leading Russian hospitals offered their assistance in the treatment of victims of the attack on Donetsk, the DPR Ministry of Health reported.	https://www.1tv.ru/news/2022-03-15/423664-svoyu_pomosch_v_lechenii_postradavshih_ot_ataki_na_donetsk_predlozhili_veduschie_rossiyskie_bolnitsy_soobschili_v_minzdrave_dnr	normal	paratroopers	Russian
3618	March 14, 2022	Russian aces during the air battle showed amazing self-control and skill	https://www.1tv.ru/news/2022-03-14/423510-rossiyskie_asy_v_hode_vozdushnogo_boya_proyavili_potryasayuschee_samoobladanie_i_masterstvo	normal	hospitals	Russian
3684	March 14, 2022	Russian pilots after an enemy attack, risking their lives, saved the Su-25	https://www.1tv.ru/news/2022-03-14/423442-rossiyskie_letchiki_posle_ataki_protivnika_riskuya_zhiznyu_spasli_su_25	normal	aces	Russian
3853	March 11, 2022	The Russian Prosecutor General's Office demands to recognize Meta as an extremist company	https://www.1tv.ru/news/2022-03-11/423268-kompaniyu_meta_rossiyskaya_genprokuratura_trebuet_priznat_ekstremistskoy	normal	pilots	Russian
3929	March 11, 2022	Russian doctors have made a real breakthrough in the treatment of arthrosis	https://www.1tv.ru/news/2022-03-11/423192-rossiyskie_mediki_sovershili_nastoyaschiy_proryv_v_lechenii_artroza	normal	doctors	Russian
4161	March 9, 2022	The UK authorities have allowed to detain any Russian aircraft that will be in the airspace of the country	https://www.1tv.ru/news/2022-03-09/422953-vlasti_velikobritanii_razreshili_zaderzhivat_lyuboy_rossiyskiy_samolet_kotoryy_okazhetsya_v_vozdushnom_prostranstve_strany	normal	airplane	Russian
4252	March 7, 2022	The Russian delegation arrived in the Brest region and is waiting for negotiators from Ukraine	https://www.1tv.ru/news/2022-03-07/422859-rossiyskaya_delegatsiya_dobralas_v_brestskuyu_oblast_i_zhdet_peregovorschikov_iz_ukrainy	normal	delegation	Russian
4451	March 4, 2022	The Russian flag is hoisted on the new ferry "Marshal Rokossovsky"	https://www.1tv.ru/news/2022-03-04/422645-rossiyskiy_flag_podnyat_na_novom_parome_marshal_rokossovskiy	normal	flag	Russian
4471	March 4, 2022	Russian users report failures in social networks	https://www.1tv.ru/news/2022-03-04/422630-rossiyskie_polzovateli_soobschayut_o_sboyah_v_rabote_sotsialnyh_setey	normal	users	Russian
4480	March 4, 2022	Russian Internet providers began to block Facebook	https://www.1tv.ru/news/2022-03-04/422617-rossiyskie_internet_provaydery_nachali_blokirovat_feysbuk	normal	internet providers	Russian
4619	March 3, 2022	Russian circuses will hold a series of spectacular performances in support of children from Donbass	https://www.1tv.ru/news/2022-03-03/422475-rossiyskie_tsirki_provedut_seriyu_yarkih_predstavleniy_v_podderzhku_detey_iz_donbassa	normal	circuses	Russian
4620	March 3, 2022	Russian singer Yulia Chicherina performed in front of DPR recruits going to the front	https://www.1tv.ru/news/2022-03-03/422474-rossiyskaya_pevitsa_yuliya_chicherina_vystupila_pered_otpravlyayuschimisya_na_front_novobrantsami_dnr	normal	singer	Russian
4703	March 2, 2022	Russian athletes will compete at the upcoming Winter Paralympic Games in Beijing	https://www.1tv.ru/news/2022-03-02/422375-rossiyskie_sportsmeny_budut_vystupat_na_predstoyaschih_zimnih_paralimpiyskih_igrah_v_pekine	normal	athletes	Russian
4980	February 28, 2022	Ministry of Defense of the Russian Federation: Russian aviation won air supremacy over the entire territory of Ukraine	https://www.1tv.ru/news/2022-02-28/422086-minoborony_rf_rossiyskaya_aviatsiya_zavoevala_gospodstvo_v_vozduhe_nad_vsey_territoriey_ukrainy	normal	aviation	Russian
5280	February 25, 2022	Footage appeared, presumably from Kharkov, in which Russian armored vehicles on the outskirts of the city	https://www.1tv.ru/news/2022-02-25/421770-poyavilis_kadry_predpolozhitelno_iz_harkova_na_kotoryh_rossiyskaya_bronetehnika_na_okraine_goroda	normal	armored vehicles	Russian
192	April 22, 2022	Over the past day, the Ukrainian military fired 40 shells of the Grad multiple launch rocket system at the LPR	https://www.1tv.ru/news/2022-04-22/427048-za_poslednie_sutki_ukrainskie_voennye_vypustili_40_snaryadov_sistemy_zalpovogo_ognya_grad_po_lnr	normal	fired rocket launchers	Ukrainian military
1025	April 11, 2022	Ukrainian military shelled LPR and DPR	https://www.1tv.ru/news/2022-04-11/426187-ukrainskie_voennye_obstrelyali_lnr_i_dnr	normal	shelled LNR and DNR	Ukrainian military
1044	April 11, 2022	A video is circulating on social networks showing how and on whom the Ukrainian military are aiming fire	https://www.1tv.ru/news/2022-04-11/426169-v_sotssetyah_rashoditsya_video_kak_i_po_komu_vedut_pritselnyy_ogon_ukrainskie_voennye	normal	direct fire	Ukrainian military
1069	April 10, 2022	The Ukrainian military mocked an elderly woman who mistook them for Russian soldiers	https://www.1tv.ru/news/2022-04-10/426136-ukrainskie_voennye_poglumilis_nad_pozhiloy_zhenschinoy_prinyavshey_ih_za_rossiyskih_soldat	normal	mocking an old woman	Ukrainian military
1532	April 5, 2022	In the city of Rubizhne in the LPR, the Ukrainian military blew up a tank with nitric acid	https://www.1tv.ru/news/2022-04-05/425668-v_gorode_rubezhnom_v_lnr_ukrainskie_voennye_vzorvali_tsisternu_s_azotnoy_kislotoy	normal	blew up a tank of nitric acid	Ukrainian military
1662	April 4, 2022	Captured Ukrainian military spoke about the planned sabotage	https://www.1tv.ru/news/2022-04-04/425530-plennye_ukrainskie_voennye_rasskazali_o_planiruemyh_diversiyah	normal	told about the planned sabotage	Ukrainian military
1929	March 31, 2022	Al-Jazeera TV channel showed how the Ukrainian military uses ambulances to move	https://www.1tv.ru/news/2022-03-31/425262-telekanal_al_dzhazira_pokazal_kak_ukrainskie_voennye_ispolzuyut_mashiny_skoroy_pomoschi_dlya_peremescheniya	normal	using ambulances	Ukrainian military
2027	March 31, 2022	More than 200 shells and mines with a caliber of over 120 millimeters were fired by the Ukrainian military on the territory of Donbass over the past day	https://www.1tv.ru/news/2022-03-31/425155-bolee_200_snaryadov_i_min_kalibrom_svyshe_120_millimetrov_vypustili_ukrainskie_voennye_po_territorii_donbassa_za_minuvshie_sutki	normal	fired shells and mines	Ukrainian military
2770	March 23, 2022	Ukrainian military provoked a serious threat to shipping in the Black Sea	https://www.1tv.ru/news/2022-03-23/424388-ukrainskie_voennye_sprovotsirovali_serieznuyu_ugrozu_dlya_sudohodstva_v_chernom_more	normal	provoked a serious threat	Ukrainian military
2857	March 22, 2022	Ukrainian military opened heavy fire on Yasinovataya in the DPR in the morning	https://www.1tv.ru/news/2022-03-22/424300-ukrainskie_voennye_utrom_otkryli_intensivnyy_ogon_po_yasinovatoy_v_dnr	normal	opened heavy fire	Ukrainian military
3071	March 19, 2022	In the Kharkiv region, the Ukrainian military, retreating, blew up the bridge	https://www.1tv.ru/news/2022-03-19/424070-v_harkovskoy_oblasti_ukrainskie_voennye_otstupaya_vzorvali_most	normal	retreating, blew up the bridge	Ukrainian military
3076	March 19, 2022	The Ukrainian military is in no hurry to help the Azov battalion banned in Russia	https://www.1tv.ru/news/2022-03-19/424066-ukrainskie_voennye_ne_speshat_na_pomosch_zapreschennomu_v_rossii_batalonu_azov	normal	don't rush to help	Ukrainian military
3362	March 16, 2022	The methods of the nationalists were told by the Ukrainian military, who decided to lay down their arms	https://www.1tv.ru/news/2022-03-16/423774-o_metodah_natsionalistov_rasskazali_ukrainskie_voennye_kotorye_reshili_slozhit_oruzhie	normal	talked about the methods of nationalists	Ukrainian military
3686	March 14, 2022	Ukrainian military strikes at the DPR and LPR	https://www.1tv.ru/news/2022-03-14/423440-ukrainskie_voennye_nanosyat_udary_po_dnr_i_lnr	normal	strike at the DNR and LNR	Ukrainian military
4743	March 2, 2022	During the night, the Ukrainian military opened fire nine times on the settlements of the LPR	https://www.1tv.ru/news/2022-03-02/422330-za_noch_ukrainskie_voennye_devyat_raz_otkryvali_ogon_po_naselennym_punktam_lnr	normal	opened fire	Ukrainian military
4900	February 28, 2022	Captured Ukrainian soldiers confirm the plans of the Armed Forces of Ukraine for a large-scale attack on the Donbass	https://www.1tv.ru/news/2022-02-28/422167-plennye_ukrainskie_voennye_podtverzhdayut_plany_vsu_masshtabnogo_nastupleniya_na_donbass	normal	confirm the plans of the Armed Forces	Ukrainian military
5069	February 27, 2022	A record has appeared on which the Ukrainian military, who occupied Snake Island, answers questions	https://www.1tv.ru/news/2022-02-27/422001-poyavilas_zapis_na_kotoroy_na_voprosy_otvechayut_ukrainskie_voennye_chto_zanimali_ostrov_zmeinyy	normal	answer questions	Ukrainian military
5122	February 26, 2022	Russian and Ukrainian military guard the Chernobyl nuclear power plant together	https://www.1tv.ru/news/2022-02-26/421935-rossiyskie_i_ukrainskie_voennye_vmeste_ohranyayut_chernobylskuyu_atomnuyu_elektrostantsiyu	normal	guard together	Ukrainian military
5282	February 25, 2022	The Ukrainian military does not stop shooting at the settlements of the DPR and LPR	https://www.1tv.ru/news/2022-02-25/421767-ukrainskie_voennye_ne_perestayut_strelyat_po_naselennym_punktam_dnr_i_lnr	normal	don't stop shooting	Ukrainian military
21	April 24, 2022	Russian servicemen saved the life of a wounded Ukrainian officer	https://www.1tv.ru/news/2022-04-24/427228-rossiyskie_voennosluzhaschie_spasli_zhizn_ranenomu_ukrainskomu_ofitseru	normal	saved the life of the wounded officer	Russian military
25	April 24, 2022	The Russian military delivered humanitarian aid to the city of Kupyansk in the Kharkiv region by Easter	https://www.1tv.ru/news/2022-04-24/427224-rossiyskie_voennye_k_pashe_dostavili_gumanitarnuyu_pomosch_v_gorod_kupyansk_v_harkovskoy_oblasti	normal	delivered humanitarian aid	Russian military
33	April 24, 2022	The Russian military performed more than 420 fire missions in Ukraine overnight	https://www.1tv.ru/news/2022-04-24/427216-rossiyskie_voennye_za_noch_vypolnili_bolee_420_ognevyh_zadach_na_ukraine	normal	completed fire missions	Russian military
135	April 22, 2022	Russian servicemen show courage and heroism during a special operation	https://www.1tv.ru/news/2022-04-22/427117-rossiyskie_voennosluzhaschie_proyavlyayut_muzhestvo_i_geroizm_v_hode_spetsoperatsii	normal	show courage and heroism	Russian military
173	April 22, 2022	During the day, the Russian military dealt serious blows to the positions of the radicals	https://www.1tv.ru/news/2022-04-22/427067-za_sutki_rossiyskie_voennye_nanesli_serieznye_udary_po_pozitsiyam_radikalov	normal	dealt serious blows	Russian military
199	April 22, 2022	In the settlements from which the radicals were knocked out, Russian servicemen help to establish a peaceful life	https://www.1tv.ru/news/2022-04-22/427041-v_naselennyh_punktah_iz_kotoryh_vybity_radikaly_rossiyskie_voennosluzhaschie_pomogayut_nalazhivat_mirnuyu_zhizn	normal	help to establish a peaceful life	Russian military
386	April 19, 2022	The Russian military continue to tell and show how the special operation to protect Donbass is going	https://www.1tv.ru/news/2022-04-19/426856-rossiyskie_voennye_prodolzhayut_rasskazyvat_i_pokazyvat_kak_idet_spetsoperatsiya_po_zaschite_donbassa	normal	continue to tell and show	Russian military
540	April 17, 2022	During a special operation in Ukraine, the Russian military perform feats	https://www.1tv.ru/news/2022-04-17/426690-vo_vremya_spetsoperatsii_na_ukraine_rossiyskie_voennye_sovershayut_podvigi	normal	perform feats	Russian military
561	April 17, 2022	Russian military every day courageously fight against nationalists during a special operation in Ukraine	https://www.1tv.ru/news/2022-04-17/426669-rossiyskie_voennye_kazhdyy_den_muzhestvenno_srazhayutsya_s_natsionalistami_v_hode_spetsoperatsii_na_ukraine	normal	courageously fight against the nationalists	Russian military
610	April 16, 2022	The Russian military evacuated the first group of refugees from the city of Izyum in the Kharkiv region	https://www.1tv.ru/news/2022-04-16/426619-rossiyskie_voennye_vyvezli_iz_goroda_izyum_v_harkovskoy_oblasti_pervuyu_gruppu_bezhentsev	normal	took out a group of refugees	Russian military
634	April 16, 2022	Russian military prevented a strike on the Kakhovskaya hydroelectric power station	https://www.1tv.ru/news/2022-04-16/426593-rossiyskie_voennye_predotvratili_udar_po_kahovskoy_ges	normal	prevented a blow	Russian military
708	April 15, 2022	In the LPR, the Russian military found an American passport of a mercenary	https://www.1tv.ru/news/2022-04-15/426518-v_lnr_rossiyskie_voennye_nashli_amerikanskiy_pasport_naemnika	normal	found an American passport of a mercenary	Russian military
736	April 14, 2022	The Russian military solves the most difficult tasks every day	https://www.1tv.ru/news/2022-04-14/426498-rossiyskie_voennye_ezhednevno_reshayut_slozhneyshie_zadachi	normal	solve the toughest problems	Russian military
834	April 13, 2022	The Russian military found drones with spray guns in one of the abandoned parts of the Armed Forces of Ukraine	https://www.1tv.ru/news/2022-04-13/426388-rossiyskie_voennye_obnaruzhili_v_odnoy_iz_ostavlennyh_chastey_vsu_bespilotniki_s_raspylitelyami	normal	discovered drones with atomizers	Russian military
978	April 11, 2022	The Russian military captured one of the most fortified lines of the Ukrainian security forces	https://www.1tv.ru/news/2022-04-11/426234-rossiyskie_voennye_zahvatili_odin_iz_samyh_ukreplennyh_rubezhey_ukrainskih_silovikov	normal	captured one of the most fortified lines	Russian military
1001	April 11, 2022	The Russian military destroyed the S-300 installation, which was transferred to Kyiv by one of the European countries	https://www.1tv.ru/news/2022-04-11/426211-rossiyskie_voennye_unichtozhili_ustanovku_s_300_kotoruyu_kievu_peredala_odna_iz_evropeyskih_stran	normal	destroyed the S-300 installation	Russian military
1007	April 11, 2022	Russian military heroically resist Ukrainian gangs in Donbass	https://www.1tv.ru/news/2022-04-11/426207-rossiyskie_voennye_geroicheski_protivostoyat_ukrainskim_bandformirovaniyam_v_donbasse	normal	heroically resist gangs	Russian military
1035	April 11, 2022	In the Kherson region, the Russian military cleared the territory of the existing kindergarten	https://www.1tv.ru/news/2022-04-11/426177-v_hersonskoy_oblasti_rossiyskie_voennye_razminirovali_territoriyu_deystvuyuschego_detskogo_sada	normal	demined the territory of the kindergarten	Russian military
1052	April 11, 2022	The Russian military in the Kherson region examined the positions of the Armed Forces of Ukraine, which were previously equipped in a kindergarten	https://www.1tv.ru/news/2022-04-11/426160-rossiyskie_voennye_v_hersonskoy_oblasti_obsledovali_pozitsii_vsu_kotorye_ranee_byli_oborudovany_v_detskom_sadu	normal	studied the positions	Russian military
1121	April 10, 2022	Russian servicemen have carried out 12 humanitarian actions in Donbass and Ukraine over the past 24 hours	https://www.1tv.ru/news/2022-04-10/426089-rossiyskie_voennosluzhaschie_za_poslednie_sutki_proveli_12_gumanitarnyh_aktsiy_v_donbasse_i_na_ukraine	normal	carried out humanitarian actions	Russian military
14	April 24, 2022	The latest information on the course of the special operation to protect Donbass from the Ministry of Defense of the Russian Federation	https://www.1tv.ru/news/2022-04-24/427238-poslednyaya_informatsiya_o_hode_spetsoperatsii_po_zaschite_donbassa_ot_minoborony_rf	normal	for the protection of Donbass	special operation
64	April 23, 2022	Russian military heroically perform combat missions during a special operation in Ukraine	https://www.1tv.ru/news/2022-04-23/427184-rossiyskie_voennye_geroyski_vypolnyayut_boevye_zadachi_v_hode_spetsoperatsii_na_ukraine	normal	in Ukraine	special operation
1296	April 7, 2022	The new names of the heroes who are fighting during the special operation for peace in the Donbass have become known	https://www.1tv.ru/news/2022-04-07/425907-stali_izvestny_novye_imena_geroev_kotorye_srazhayutsya_v_hode_spetsoperatsii_za_mir_v_donbasse	normal	for peace in Donbass	special operation
1354	April 7, 2022	FSB officers conducted a special operation in the Crimea	https://www.1tv.ru/news/2022-04-07/425847-sotrudniki_fsb_rf_proveli_spetsoperatsiyu_v_krymu	normal	in Crimea	special operation
4655	March 2, 2022	Sergey Lavrov stressed again that Russian special operation is aimed at the demilitarization of Ukraine	https://www.1tv.ru/news/2022-03-02/422434-sergey_lavrov_snova_podcherknul_chto_spetsoperatsiya_rossii_napravlena_na_demilitarizatsiyu_ukrainy	normal	Russian [special operation ] is aimed at the demilitarization of Ukraine	special operation
4820	March 1, 2022	S. Lavrov: the purpose of the special operation of the Russian Federation is to save people, demilitarize and denazify Ukraine	https://www.1tv.ru/news/2022-03-01/422245-s_lavrov_tsel_spetsoperatsii_rf_spasenie_lyudey_demilitarizatsiya_i_denatsifikatsiya_ukrainy	normal	the [ special operation ] of the Russian Federation is to save people, demilitarize and denazify Ukraine	special operation
5220	February 25, 2022	The President made a statement about the special operation aimed at protecting the DNR and LNR	https://www.1tv.ru/news/2022-02-25/421832-prezident_sdelal_zayavlenie_po_povodu_spetsoperatsii_napravlennoy_na_zaschitu_dnr_i_lnr	normal	aimed at protecting the DNR and LNR	special operation
5441	February 24, 2022	Vladimir Putin announced that Russia launched a special operation in the Donbass	https://www.1tv.ru/news/2022-02-24/421606-vladimir_putin_ob_yavil_chto_rossiya_nachala_spetsoperatsiyu_v_donbasse	normal	  in Donbass	special operation